id,name,email,message,createdAt
1,alif wahyulloh,alifw2@gmail.com,new account,2026-07-07T11:13:11.423Z
2,alif wahyulloh2,alifw2@gmail.com,new account,2026-07-07T11:13:14.441Z
3,alif wahyulloh23,walifw2@gmail.com,new account,2026-07-07T11:13:19.770Z
4,alifsss wahyulloh23,walifwdd2@gmail.com,new account,2026-07-07T11:13:24.039Z
5,alif wahyulloh,alifw2@gmail.com,new account,2026-07-07T11:16:15.370Z
6,alif wahyulloh2,alifw2@gmail.com,new account,2026-07-07T11:16:15.370Z
7,alif wahyulloh23,walifw2@gmail.com,new account,2026-07-07T11:16:15.370Z
8,alifsss wahyulloh23,walifwdd2@gmail.com,new account,2026-07-07T11:16:15.371Z
9,alif wahyulloh,alifw2@gmail.com,new account,2026-07-07T11:16:35.738Z
10,alif wahyulloh2,alifw2@gmail.com,new account,2026-07-07T11:16:35.738Z
11,alif wahyulloh23,walifw2@gmail.com,new account,2026-07-07T11:16:35.738Z
12,alifsss wahyulloh23,walifwdd2@gmail.com,new account,2026-07-07T11:16:35.738Z
13,alif wahyulloh,alifw2@gmail.com,new account,2026-07-07T11:16:35.738Z
14,alif wahyulloh2,alifw2@gmail.com,new account,2026-07-07T11:16:35.738Z
15,alif wahyulloh23,walifw2@gmail.com,new account,2026-07-07T11:16:35.738Z
16,alifsss wahyulloh23,walifwdd2@gmail.com,new account,2026-07-07T11:16:35.738Z
17,alif wahyulloh,alifw2@gmail.com,new account,2026-07-07T11:16:35.738Z
18,alif wahyulloh2,alifw2@gmail.com,new account,2026-07-07T11:16:35.738Z
19,alif wahyulloh23,walifw2@gmail.com,new account,2026-07-07T11:16:35.738Z
20,alifsss wahyulloh23,walifwdd2@gmail.com,new account,2026-07-07T11:16:35.738Z
21,alif wahyulloh,alifw2@gmail.com,new account,2026-07-07T11:16:35.738Z
22,alif wahyulloh2,alifw2@gmail.com,new account,2026-07-07T11:16:35.738Z
23,alif wahyulloh23,walifw2@gmail.com,new account,2026-07-07T11:16:35.738Z
24,alifsss wahyulloh23,walifwdd2@gmail.com,new account,2026-07-07T11:16:35.738Z
